TRUNCATE TABLE credit_card CASCADE;
TRUNCATE TABLE payment_settings CASCADE;
TRUNCATE TABLE invoice CASCADE;

INSERT INTO credit_card (id, brand, created_at, customer_id, exp_month, exp_year, gateway_code, last_numbers) VALUES('0199deda-9486-7d27-b40c-761f561a24d8', 'Visa', '2025-10-13 15:34:50.886', '28fcd9fb-4ce7-44d6-9583-14d8b3dc5aff', 12, 2038, 'cc_gwjiqr7ct9rpuzmpzxld0pltmxt66mj0', '1022');
INSERT INTO credit_card (id, brand, created_at, customer_id, exp_month, exp_year, gateway_code, last_numbers) VALUES('0199e2dd-9434-7a09-9241-f23536267484', 'Master', '2025-10-14 10:16:36.277', '28fcd9fb-4ce7-44d6-9583-14d8b3dc5aff', 12, 2038, 'cc_qdaz5kadzm8zgccwu0mpghxwngkbtnpu', '4545');

INSERT INTO payment_settings (id, credit_card_id, gateway_code, "method") VALUES ('019a1134-75ed-74e7-a1c2-8377934e2e02'::uuid, NULL, 'pay_ab1c2d3e4f5g6h7i8j9k0l1m2n3o4p5q', 'GATEWAY_BALANCE');
INSERT INTO payment_settings (id, credit_card_id, gateway_code, "method") VALUES ('019a1134-75ed-7c8f-bd62-b87e0e672a5b'::uuid, '0199deda-9486-7d27-b40c-761f561a24d8'::uuid, 'pay_bc2d3e4f5g6h7i8j9k0l1m2n3o4p5q6r', 'CREDIT_CARD');
INSERT INTO payment_settings (id, credit_card_id, gateway_code, "method") VALUES ('019a1134-75ed-739a-a590-3bfade5bb9ac'::uuid, NULL, 'pay_cd3e4f5g6h7i8j9k0l1m2n3o4p5q6r7s', 'GATEWAY_BALANCE');
INSERT INTO payment_settings (id, credit_card_id, gateway_code, "method") VALUES ('019a1134-75ed-79a8-a2ff-a99599e1dead'::uuid, '0199e2dd-9434-7a09-9241-f23536267484'::uuid, 'pay_de4f5g6h7i8j9k0l1m2n3o4p5q6r7s8t', 'CREDIT_CARD');
INSERT INTO payment_settings (id, credit_card_id, gateway_code, "method") VALUES ('019a1134-75ed-7ba2-a214-bde0acc240f8'::uuid, NULL, 'pay_ef5g6h7i8j9k0l1m2n3o4p5q6r7s8t9u', 'GATEWAY_BALANCE');
INSERT INTO payment_settings (id, credit_card_id, gateway_code, "method") VALUES ('019a1134-75ed-7452-b899-b6fb464cdaad'::uuid, NULL, 'pay_fg6h7i8j9k0l1m2n3o4p5q6r7s8t9u0v', 'GATEWAY_BALANCE');
INSERT INTO payment_settings (id, credit_card_id, gateway_code, "method") VALUES ('019a1134-75ed-7b3b-916d-b430924478b5'::uuid, '0199deda-9486-7d27-b40c-761f561a24d8'::uuid, 'pay_gh7i8j9k0l1m2n3o4p5q6r7s8t9u0v1w', 'CREDIT_CARD');
INSERT INTO payment_settings (id, credit_card_id, gateway_code, "method") VALUES ('019a1134-75ed-7b52-89a2-146c3120862b'::uuid, NULL, 'pay_hi8j9k0l1m2n3o4p5q6r7s8t9u0v1w2x', 'GATEWAY_BALANCE');
INSERT INTO payment_settings (id, credit_card_id, gateway_code, "method") VALUES ('019a1134-75ed-79ac-a2eb-2dc3ebf8c14c'::uuid, '0199e2dd-9434-7a09-9241-f23536267484'::uuid, 'pay_ij9k0l1m2n3o4p5q6r7s8t9u0v1w2x3y', 'CREDIT_CARD');
INSERT INTO payment_settings (id, credit_card_id, gateway_code, "method") VALUES ('019a1134-75ed-74a8-a4ec-36c771638994'::uuid, NULL, 'pay_jk0l1m2n3o4p5q6r7s8t9u0v1w2x3y4z', 'GATEWAY_BALANCE');
INSERT INTO payment_settings (id, credit_card_id, gateway_code, "method") VALUES ('019a1134-75ed-7b80-b329-db0bfa945140'::uuid, '0199deda-9486-7d27-b40c-761f561a24d8'::uuid, 'pay_kl1m2n3o4p5q6r7s8t9u0v1w2x3y4z5a', 'CREDIT_CARD');
INSERT INTO payment_settings (id, credit_card_id, gateway_code, "method") VALUES ('019a1134-75ed-7cfc-ba69-4cd7d9df27a9'::uuid, NULL, 'pay_lm2n3o4p5q6r7s8t9u0v1w2x3y4z5a6b', 'GATEWAY_BALANCE');
INSERT INTO payment_settings (id, credit_card_id, gateway_code, "method") VALUES ('0199ded8-c8ad-723a-9742-f83c1d74423b'::uuid, '0199e2dd-9434-7a09-9241-f23536267484'::uuid, 'pay_mn3o4p5q6r7s8t9u0v1w2x3y4z5a6b7c', 'CREDIT_CARD');
INSERT INTO payment_settings (id, credit_card_id, gateway_code, "method") VALUES ('0199ded7-084c-7c2d-9dd0-cf533e26ea4e'::uuid, NULL, 'pay_no4p5q6r7s8t9u0v1w2x3y4z5a6b7c8d', 'GATEWAY_BALANCE');
INSERT INTO payment_settings (id, credit_card_id, gateway_code, "method") VALUES ('0199ded8-c8af-7ecf-a4d3-00e3d29ceec7'::uuid, '0199deda-9486-7d27-b40c-761f561a24d8'::uuid, 'pay_op5q6r7s8t9u0v1w2x3y4z5a6b7c8d9e', 'CREDIT_CARD');
INSERT INTO payment_settings (id, credit_card_id, gateway_code, "method") VALUES ('0199dedb-e370-743b-b373-1e536b51d699'::uuid, '0199e2dd-9434-7a09-9241-f23536267484'::uuid, 'pay_pq6r7s8t9u0v1w2x3y4z5a6b7c8d9e0f', 'CREDIT_CARD');
INSERT INTO payment_settings (id, credit_card_id, gateway_code, "method") VALUES ('0199e2de-5e5e-741c-94a7-420a9359131a'::uuid, NULL, 'pay_qr7s8t9u0v1w2x3y4z5a6b7c8d9e0f1g', 'GATEWAY_BALANCE');
INSERT INTO payment_settings (id, credit_card_id, gateway_code, "method") VALUES ('0199e8da-0ab0-7c24-bc73-ddef2eeefe6b'::uuid, '0199deda-9486-7d27-b40c-761f561a24d8'::uuid, 'pay_rs8t9u0v1w2x3y4z5a6b7c8d9e0f1g2h', 'CREDIT_CARD');
INSERT INTO payment_settings (id, credit_card_id, gateway_code, "method") VALUES ('0f0aa234-d54a-42e2-93d6-3fae26ba13b2'::uuid, NULL, 'pay_st9u0v1w2x3y4z5a6b7c8d9e0f1g2h3i', 'GATEWAY_BALANCE');
INSERT INTO payment_settings (id, credit_card_id, gateway_code, "method") VALUES ('1e0165e3-84e1-4d56-bb74-e10e57034019'::uuid, '0199e2dd-9434-7a09-9241-f23536267484'::uuid, 'pay_uv0w1x2y3z4a5b6c7d8e9f0g1h2i3j4k', 'CREDIT_CARD');

INSERT INTO invoice (id, created_at, created_by_user_id, last_modified_by_user_id, last_modified_date, "version", cancel_reason, canceled_at, customer_id, expires_at, issued_at, order_id, paid_at, payer_address_city, payer_address_complement, payer_address_neighborhood, payer_address_number, payer_address_state, payer_address_street, payer_address_zip_code, payer_document, payer_email, payer_full_name, payer_phone, status, total_amount, payment_settings_id) VALUES ('019a1134-75ed-7d7c-a062-fdee16b935ea'::uuid, NOW() - INTERVAL '25 days', 'd2617d5d-16c1-43b2-bc54-8effc4aee9ca'::uuid, 'd2617d5d-16c1-43b2-bc54-8effc4aee9ca'::uuid, NOW() - INTERVAL '25 days', 0, NULL, NULL, '28fcd9fb-4ce7-44d6-9583-14d8b3dc5aff'::uuid, NOW() - INTERVAL '22 days', NOW() - INTERVAL '25 days', '01226N0640J7A', NULL, 'New York', NULL, 'Manhattan', '123', 'NY', '5th Avenue', '10001', '123456789', 'james.wilson@example.com', 'James Wilson', '15550123', 'UNPAID', 100.00, '019a1134-75ed-74e7-a1c2-8377934e2e02'::uuid);
INSERT INTO invoice (id, created_at, created_by_user_id, last_modified_by_user_id, last_modified_date, "version", cancel_reason, canceled_at, customer_id, expires_at, issued_at, order_id, paid_at, payer_address_city, payer_address_complement, payer_address_neighborhood, payer_address_number, payer_address_state, payer_address_street, payer_address_zip_code, payer_document, payer_email, payer_full_name, payer_phone, status, total_amount, payment_settings_id) VALUES ('019a1134-75ed-79f4-b4ce-383f18e8e63f'::uuid, NOW() - INTERVAL '21 days', 'd2617d5d-16c1-43b2-bc54-8effc4aee9ca'::uuid, 'd2617d5d-16c1-43b2-bc54-8effc4aee9ca'::uuid, NOW() - INTERVAL '21 days', 0, NULL, NULL, '28fcd9fb-4ce7-44d6-9583-14d8b3dc5aff'::uuid, NOW() - INTERVAL '14 days', NOW() - INTERVAL '21 days', '01226N0640J7B', NULL, 'Los Angeles', NULL, 'Hollywood', '456', 'CA', 'Sunset Boulevard', '90028', '987654321', 'sarah.johnson@example.com', 'Sarah Johnson', '15550456', 'UNPAID', 200.00, '019a1134-75ed-7c8f-bd62-b87e0e672a5b'::uuid);
INSERT INTO invoice (id, created_at, created_by_user_id, last_modified_by_user_id, last_modified_date, "version", cancel_reason, canceled_at, customer_id, expires_at, issued_at, order_id, paid_at, payer_address_city, payer_address_complement, payer_address_neighborhood, payer_address_number, payer_address_state, payer_address_street, payer_address_zip_code, payer_document, payer_email, payer_full_name, payer_phone, status, total_amount, payment_settings_id) VALUES ('019a1134-75ed-7de4-b9ca-8bf4fb403e33'::uuid, NOW() - INTERVAL '14 days', 'd2617d5d-16c1-43b2-bc54-8effc4aee9ca'::uuid, 'd2617d5d-16c1-43b2-bc54-8effc4aee9ca'::uuid, NOW() - INTERVAL '14 days', 0, NULL, NULL, '28fcd9fb-4ce7-44d6-9583-14d8b3dc5aff'::uuid, NOW() - INTERVAL '7 days', NOW() - INTERVAL '14 days', '01226N0640J7C', NULL, 'Chicago', NULL, 'The Loop', '789', 'IL', 'Michigan Avenue', '60601', '456123789', 'michael.brown@example.com', 'Michael Brown', '15550789', 'UNPAID', 300.00, '019a1134-75ed-739a-a590-3bfade5bb9ac'::uuid);
INSERT INTO invoice (id, created_at, created_by_user_id, last_modified_by_user_id, last_modified_date, "version", cancel_reason, canceled_at, customer_id, expires_at, issued_at, order_id, paid_at, payer_address_city, payer_address_complement, payer_address_neighborhood, payer_address_number, payer_address_state, payer_address_street, payer_address_zip_code, payer_document, payer_email, payer_full_name, payer_phone, status, total_amount, payment_settings_id) VALUES ('019a1134-75ed-7330-acdc-1e150a945ad5'::uuid, NOW() - INTERVAL '15 days', 'd2617d5d-16c1-43b2-bc54-8effc4aee9ca'::uuid, 'd2617d5d-16c1-43b2-bc54-8effc4aee9ca'::uuid, NOW() - INTERVAL '15 days', 0, NULL, NULL, '28fcd9fb-4ce7-44d6-9583-14d8b3dc5aff'::uuid, NOW() - INTERVAL '8 days', NOW() - INTERVAL '15 days', '01226N0640J7D', NULL, 'Houston', NULL, 'Downtown', '101', 'TX', 'Main Street', '77002', '789456123', 'emily.davis@example.com', 'Emily Davis', '15550101', 'UNPAID', 400.00, '019a1134-75ed-79a8-a2ff-a99599e1dead'::uuid);
INSERT INTO invoice (id, created_at, created_by_user_id, last_modified_by_user_id, last_modified_date, "version", cancel_reason, canceled_at, customer_id, expires_at, issued_at, order_id, paid_at, payer_address_city, payer_address_complement, payer_address_neighborhood, payer_address_number, payer_address_state, payer_address_street, payer_address_zip_code, payer_document, payer_email, payer_full_name, payer_phone, status, total_amount, payment_settings_id) VALUES ('019a1134-75ed-701b-a8be-bda37833cf84'::uuid, NOW() - INTERVAL '30 days', 'd2617d5d-16c1-43b2-bc54-8effc4aee9ca'::uuid, 'd2617d5d-16c1-43b2-bc54-8effc4aee9ca'::uuid, NOW() - INTERVAL '30 days', 0, NULL, NULL, '28fcd9fb-4ce7-44d6-9583-14d8b3dc5aff'::uuid, NOW() - INTERVAL '23 days', NOW() - INTERVAL '30 days', '01226N0640J7E', NULL, 'Phoenix', NULL, 'Central City', '202', 'AZ', 'Central Avenue', '85004', '321654987', 'david.miller@example.com', 'David Miller', '15550202', 'UNPAID', 500.00, '019a1134-75ed-7ba2-a214-bde0acc240f8'::uuid);
INSERT INTO invoice (id, created_at, created_by_user_id, last_modified_by_user_id, last_modified_date, "version", cancel_reason, canceled_at, customer_id, expires_at, issued_at, order_id, paid_at, payer_address_city, payer_address_complement, payer_address_neighborhood, payer_address_number, payer_address_state, payer_address_street, payer_address_zip_code, payer_document, payer_email, payer_full_name, payer_phone, status, total_amount, payment_settings_id) VALUES ('019a1134-75ed-7191-bba9-b031eefc614f'::uuid, NOW() - INTERVAL '13 days', 'd2617d5d-16c1-43b2-bc54-8effc4aee9ca'::uuid, 'd2617d5d-16c1-43b2-bc54-8effc4aee9ca'::uuid, NOW() - INTERVAL '13 days', 0, NULL, NULL, '28fcd9fb-4ce7-44d6-9583-14d8b3dc5aff'::uuid, NOW() - INTERVAL '6 days', NOW() - INTERVAL '13 days', '01226N0640J7F', NULL, 'Philadelphia', NULL, 'Center City', '303', 'PA', 'Market Street', '19103', '654987321', 'jennifer.wilson@example.com', 'Jennifer Wilson', '15550303', 'UNPAID', 600.00, '019a1134-75ed-7452-b899-b6fb464cdaad'::uuid);
INSERT INTO invoice (id, created_at, created_by_user_id, last_modified_by_user_id, last_modified_date, "version", cancel_reason, canceled_at, customer_id, expires_at, issued_at, order_id, paid_at, payer_address_city, payer_address_complement, payer_address_neighborhood, payer_address_number, payer_address_state, payer_address_street, payer_address_zip_code, payer_document, payer_email, payer_full_name, payer_phone, status, total_amount, payment_settings_id) VALUES ('019a1134-75ed-7229-be2b-ce3bf2576e04'::uuid, NOW() - INTERVAL '8 days', 'd2617d5d-16c1-43b2-bc54-8effc4aee9ca'::uuid, 'd2617d5d-16c1-43b2-bc54-8effc4aee9ca'::uuid, NOW() - INTERVAL '8 days', 0, NULL, NULL, '28fcd9fb-4ce7-44d6-9583-14d8b3dc5aff'::uuid, NOW() - INTERVAL '1 day', NOW() - INTERVAL '8 days', '01226N0640J7G', NULL, 'San Antonio', NULL, 'Downtown', '404', 'TX', 'Commerce Street', '78205', '987321654', 'christopher.moore@example.com', 'Christopher Moore', '15550404', 'UNPAID', 700.00, '019a1134-75ed-7b3b-916d-b430924478b5'::uuid);
INSERT INTO invoice (id, created_at, created_by_user_id, last_modified_by_user_id, last_modified_date, "version", cancel_reason, canceled_at, customer_id, expires_at, issued_at, order_id, paid_at, payer_address_city, payer_address_complement, payer_address_neighborhood, payer_address_number, payer_address_state, payer_address_street, payer_address_zip_code, payer_document, payer_email, payer_full_name, payer_phone, status, total_amount, payment_settings_id) VALUES ('019a1134-75ed-7ffb-8014-89bbfd8cb530'::uuid, NOW() - INTERVAL '10 days', 'd2617d5d-16c1-43b2-bc54-8effc4aee9ca'::uuid, 'd2617d5d-16c1-43b2-bc54-8effc4aee9ca'::uuid, NOW() - INTERVAL '10 days', 0, NULL, NULL, '28fcd9fb-4ce7-44d6-9583-14d8b3dc5aff'::uuid, NOW() - INTERVAL '3 days', NOW() - INTERVAL '10 days', '01226N0640J7H', NULL, 'San Diego', NULL, 'Gaslamp Quarter', '505', 'CA', '5th Avenue', '92101', '123789456', 'amanda.taylor@example.com', 'Amanda Taylor', '15550505', 'UNPAID', 800.00, '019a1134-75ed-7b52-89a2-146c3120862b'::uuid);
INSERT INTO invoice (id, created_at, created_by_user_id, last_modified_by_user_id, last_modified_date, "version", cancel_reason, canceled_at, customer_id, expires_at, issued_at, order_id, paid_at, payer_address_city, payer_address_complement, payer_address_neighborhood, payer_address_number, payer_address_state, payer_address_street, payer_address_zip_code, payer_document, payer_email, payer_full_name, payer_phone, status, total_amount, payment_settings_id) VALUES ('019a1134-75ed-7cfa-8043-76d719c7b26b'::uuid, NOW() - INTERVAL '8 days', 'd2617d5d-16c1-43b2-bc54-8effc4aee9ca'::uuid, 'd2617d5d-16c1-43b2-bc54-8effc4aee9ca'::uuid, NOW() - INTERVAL '8 days', 0, NULL, NULL, '28fcd9fb-4ce7-44d6-9583-14d8b3dc5aff'::uuid, NOW() - INTERVAL '1 day', NOW() - INTERVAL '8 days', '01226N0640J7I', NULL, 'Dallas', NULL, 'Uptown', '606', 'TX', 'McKinney Avenue', '75201', '456789123', 'joshua.anderson@example.com', 'Joshua Anderson', '15550606', 'UNPAID', 900.00, '019a1134-75ed-79ac-a2eb-2dc3ebf8c14c'::uuid);
INSERT INTO invoice (id, created_at, created_by_user_id, last_modified_by_user_id, last_modified_date, "version", cancel_reason, canceled_at, customer_id, expires_at, issued_at, order_id, paid_at, payer_address_city, payer_address_complement, payer_address_neighborhood, payer_address_number, payer_address_state, payer_address_street, payer_address_zip_code, payer_document, payer_email, payer_full_name, payer_phone, status, total_amount, payment_settings_id) VALUES ('019a1134-75ed-7ef9-af82-02d69724b7f8'::uuid, NOW() - INTERVAL '9 days', 'd2617d5d-16c1-43b2-bc54-8effc4aee9ca'::uuid, 'd2617d5d-16c1-43b2-bc54-8effc4aee9ca'::uuid, NOW() - INTERVAL '9 days', 0, NULL, NULL, '28fcd9fb-4ce7-44d6-9583-14d8b3dc5aff'::uuid, NOW() - INTERVAL '2 days', NOW() - INTERVAL '9 days', '01226N0640J7J', NULL, 'San Jose', NULL, 'Downtown', '707', 'CA', 'Santa Clara Street', '95113', '789123456', 'michelle.thomas@example.com', 'Michelle Thomas', '15550707', 'UNPAID', 1000.00, '019a1134-75ed-74a8-a4ec-36c771638994'::uuid);
INSERT INTO invoice (id, created_at, created_by_user_id, last_modified_by_user_id, last_modified_date, "version", cancel_reason, canceled_at, customer_id, expires_at, issued_at, order_id, paid_at, payer_address_city, payer_address_complement, payer_address_neighborhood, payer_address_number, payer_address_state, payer_address_street, payer_address_zip_code, payer_document, payer_email, payer_full_name, payer_phone, status, total_amount, payment_settings_id) VALUES ('019a1134-75ed-712f-97c4-e35feb685947'::uuid, NOW() - INTERVAL '7 days', 'd2617d5d-16c1-43b2-bc54-8effc4aee9ca'::uuid, 'd2617d5d-16c1-43b2-bc54-8effc4aee9ca'::uuid, NOW() - INTERVAL '7 days', 0, NULL, NULL, '28fcd9fb-4ce7-44d6-9583-14d8b3dc5aff'::uuid, NOW(), NOW() - INTERVAL '7 days', '01226N0640J7K', NULL, 'Austin', NULL, 'Downtown', '808', 'TX', 'Congress Avenue', '78701', '321987654', 'daniel.jackson@example.com', 'Daniel Jackson', '15550808', 'UNPAID', 1100.00, '019a1134-75ed-7b80-b329-db0bfa945140'::uuid);
INSERT INTO invoice (id, created_at, created_by_user_id, last_modified_by_user_id, last_modified_date, "version", cancel_reason, canceled_at, customer_id, expires_at, issued_at, order_id, paid_at, payer_address_city, payer_address_complement, payer_address_neighborhood, payer_address_number, payer_address_state, payer_address_street, payer_address_zip_code, payer_document, payer_email, payer_full_name, payer_phone, status, total_amount, payment_settings_id) VALUES ('019a1134-75ed-7abe-a700-4c0f38ac93f5'::uuid, NOW() - INTERVAL '6 days', 'd2617d5d-16c1-43b2-bc54-8effc4aee9ca'::uuid, 'd2617d5d-16c1-43b2-bc54-8effc4aee9ca'::uuid, NOW() - INTERVAL '6 days', 0, NULL, NULL, '28fcd9fb-4ce7-44d6-9583-14d8b3dc5aff'::uuid, NOW() + INTERVAL '1 day', NOW() - INTERVAL '6 days', '01226N0640J7L', NULL, 'Jacksonville', NULL, 'Southbank', '909', 'FL', 'Riverplace Boulevard', '32207', '654321987', 'laura.white@example.com', 'Laura White', '15550909', 'UNPAID', 1200.00, '019a1134-75ed-7cfc-ba69-4cd7d9df27a9'::uuid);
INSERT INTO invoice (id, created_at, created_by_user_id, last_modified_by_user_id, last_modified_date, "version", cancel_reason, canceled_at, customer_id, expires_at, issued_at, order_id, paid_at, payer_address_city, payer_address_complement, payer_address_neighborhood, payer_address_number, payer_address_state, payer_address_street, payer_address_zip_code, payer_document, payer_email, payer_full_name, payer_phone, status, total_amount, payment_settings_id) VALUES ('019a1134-75ed-7d73-8d0c-8f6e8266cdb0'::uuid, NOW() - INTERVAL '3 days', 'd2617d5d-16c1-43b2-bc54-8effc4aee9ca'::uuid, 'd2617d5d-16c1-43b2-bc54-8effc4aee9ca'::uuid, NOW() - INTERVAL '3 days', 0, NULL, NULL, '28fcd9fb-4ce7-44d6-9583-14d8b3dc5aff'::uuid, NOW() + INTERVAL '1 month', NOW() - INTERVAL '3 days', '01226N0640J7M', NULL, 'San Francisco', NULL, 'Financial District', '1010', 'CA', 'Market Street', '94105', '987654123', 'kevin.martin@example.com', 'Kevin Martin', '15551010', 'UNPAID', 1300.00, '0199ded8-c8ad-723a-9742-f83c1d74423b'::uuid);
INSERT INTO invoice (id, created_at, created_by_user_id, last_modified_by_user_id, last_modified_date, "version", cancel_reason, canceled_at, customer_id, expires_at, issued_at, order_id, paid_at, payer_address_city, payer_address_complement, payer_address_neighborhood, payer_address_number, payer_address_state, payer_address_street, payer_address_zip_code, payer_document, payer_email, payer_full_name, payer_phone, status, total_amount, payment_settings_id) VALUES ('0199ded7-084b-7b6a-8b7f-aa0e057c1546'::uuid, NOW() - INTERVAL '2 days', 'd2617d5d-16c1-43b2-bc54-8effc4aee9ca'::uuid, 'd2617d5d-16c1-43b2-bc54-8effc4aee9ca'::uuid, NOW() - INTERVAL '2 days', 0, NULL, NULL, '28fcd9fb-4ce7-44d6-9583-14d8b3dc5aff'::uuid, NOW() + INTERVAL '1 year', NOW() - INTERVAL '2 days', '01226N0640J7N', NULL, 'Columbus', NULL, 'Downtown', '1111', 'OH', 'High Street', '43215', '123456780', 'steven.thompson@example.com', 'Steven Thompson', '15551111', 'UNPAID', 1400.00, '0199ded7-084c-7c2d-9dd0-cf533e26ea4e'::uuid);
INSERT INTO invoice (id, created_at, created_by_user_id, last_modified_by_user_id, last_modified_date, "version", cancel_reason, canceled_at, customer_id, expires_at, issued_at, order_id, paid_at, payer_address_city, payer_address_complement, payer_address_neighborhood, payer_address_number, payer_address_state, payer_address_street, payer_address_zip_code, payer_document, payer_email, payer_full_name, payer_phone, status, total_amount, payment_settings_id) VALUES ('0199ded8-c8ad-723a-9742-f83c1d74423b'::uuid, NOW() - INTERVAL '1 day', 'd2617d5d-16c1-43b2-bc54-8effc4aee9ca'::uuid, 'd2617d5d-16c1-43b2-bc54-8effc4aee9ca'::uuid, NOW() - INTERVAL '1 day', 0, NULL, NULL, '28fcd9fb-4ce7-44d6-9583-14d8b3dc5aff'::uuid, NOW() + INTERVAL '3 days', NOW() - INTERVAL '1 day', '01226N0640J7O', NULL, 'Indianapolis', NULL, 'Downtown', '1212', 'IN', 'Washington Street', '46204', '234567891', 'susan.garcia@example.com', 'Susan Garcia', '15551212', 'UNPAID', 1500.00, '0199ded8-c8af-7ecf-a4d3-00e3d29ceec7'::uuid);
INSERT INTO invoice (id, created_at, created_by_user_id, last_modified_by_user_id, last_modified_date, "version", cancel_reason, canceled_at, customer_id, expires_at, issued_at, order_id, paid_at, payer_address_city, payer_address_complement, payer_address_neighborhood, payer_address_number, payer_address_state, payer_address_street, payer_address_zip_code, payer_document, payer_email, payer_full_name, payer_phone, status, total_amount, payment_settings_id) VALUES ('0199dedb-e370-7143-80fd-53b4eb76dbf4'::uuid, NOW() - INTERVAL '22 days', 'd2617d5d-16c1-43b2-bc54-8effc4aee9ca'::uuid, 'd2617d5d-16c1-43b2-bc54-8effc4aee9ca'::uuid, NOW() - INTERVAL '18 days', 1, NULL, NULL, '28fcd9fb-4ce7-44d6-9583-14d8b3dc5aff'::uuid, NOW() - INTERVAL '13 days', NOW() - INTERVAL '22 days', '01226N0640J7P', NOW() - INTERVAL '18 days', 'Fort Worth', NULL, 'Sundance Square', '1313', 'TX', 'Main Street', '76102', '345678912', 'richard.lee@example.com', 'Richard Lee', '15551313', 'PAID', 1600.00, '0199dedb-e370-743b-b373-1e536b51d699'::uuid);
INSERT INTO invoice (id, created_at, created_by_user_id, last_modified_by_user_id, last_modified_date, "version", cancel_reason, canceled_at, customer_id, expires_at, issued_at, order_id, paid_at, payer_address_city, payer_address_complement, payer_address_neighborhood, payer_address_number, payer_address_state, payer_address_street, payer_address_zip_code, payer_document, payer_email, payer_full_name, payer_phone, status, total_amount, payment_settings_id) VALUES ('0199e2de-5e5e-7eed-82d7-e89a0cceeda3'::uuid, NOW() - INTERVAL '14 days', 'd2617d5d-16c1-43b2-bc54-8effc4aee9ca'::uuid, 'd2617d5d-16c1-43b2-bc54-8effc4aee9ca'::uuid, NOW() - INTERVAL '3 days', 1, NULL, NULL, '28fcd9fb-4ce7-44d6-9583-14d8b3dc5aff'::uuid, NOW() - INTERVAL '7 days', NOW() - INTERVAL '14 days', '01226N0640J7Q', NOW() - INTERVAL '3 days', 'Charlotte', NULL, 'Uptown', '1414', 'NC', 'Tryon Street', '28202', '456789123', 'patricia.harris@example.com', 'Patricia Harris', '15551414', 'PAID', 1700.00, '0199e2de-5e5e-741c-94a7-420a9359131a'::uuid);
INSERT INTO invoice (id, created_at, created_by_user_id, last_modified_by_user_id, last_modified_date, "version", cancel_reason, canceled_at, customer_id, expires_at, issued_at, order_id, paid_at, payer_address_city, payer_address_complement, payer_address_neighborhood, payer_address_number, payer_address_state, payer_address_street, payer_address_zip_code, payer_document, payer_email, payer_full_name, payer_phone, status, total_amount, payment_settings_id) VALUES ('0199e8da-0aaf-7af9-9d7c-359a414602fa'::uuid, NOW() - INTERVAL '3 days', 'd2617d5d-16c1-43b2-bc54-8effc4aee9ca'::uuid, 'd2617d5d-16c1-43b2-bc54-8effc4aee9ca'::uuid, NOW() - INTERVAL '2 days', 1, NULL, NULL, '28fcd9fb-4ce7-44d6-9583-14d8b3dc5aff'::uuid, NOW() + INTERVAL '9 days', NOW() - INTERVAL '3 days', '01226N0640J7R', NOW() - INTERVAL '2 days', 'Seattle', NULL, 'Belltown', '1515', 'WA', '2nd Avenue', '98101', '567891234', 'robert.clark@example.com', 'Robert Clark', '15551515', 'PAID', 1800.00, '0199e8da-0ab0-7c24-bc73-ddef2eeefe6b'::uuid);
INSERT INTO invoice (id, created_at, created_by_user_id, last_modified_by_user_id, last_modified_date, "version", cancel_reason, canceled_at, customer_id, expires_at, issued_at, order_id, paid_at, payer_address_city, payer_address_complement, payer_address_neighborhood, payer_address_number, payer_address_state, payer_address_street, payer_address_zip_code, payer_document, payer_email, payer_full_name, payer_phone, status, total_amount, payment_settings_id) VALUES ('d71db719-15f4-4296-b57e-0ddb2574a97f'::uuid, NOW() - INTERVAL '25 days', 'd2617d5d-16c1-43b2-bc54-8effc4aee9ca'::uuid, 'd2617d5d-16c1-43b2-bc54-8effc4aee9ca'::uuid, NOW() - INTERVAL '17 days', 1, 'Canceled due to timeout', NOW() - INTERVAL '17 days', '28fcd9fb-4ce7-44d6-9583-14d8b3dc5aff'::uuid, NOW() - INTERVAL '18 days', NOW() - INTERVAL '25 days', '01226N0640J7S', NULL, 'Denver', NULL, 'LoDo', '1616', 'CO', 'Blake Street', '80202', '678912345', 'linda.rodriguez@example.com', 'Linda Rodriguez', '15551616', 'CANCELED', 1900.00, '0f0aa234-d54a-42e2-93d6-3fae26ba13b2'::uuid);
INSERT INTO invoice (id, created_at, created_by_user_id, last_modified_by_user_id, last_modified_date, "version", cancel_reason, canceled_at, customer_id, expires_at, issued_at, order_id, paid_at, payer_address_city, payer_address_complement, payer_address_neighborhood, payer_address_number, payer_address_state, payer_address_street, payer_address_zip_code, payer_document, payer_email, payer_full_name, payer_phone, status, total_amount, payment_settings_id) VALUES ('3900f828-688d-4755-af73-137e7a89246f'::uuid, NOW() - INTERVAL '13 days', 'd2617d5d-16c1-43b2-bc54-8effc4aee9ca'::uuid, 'd2617d5d-16c1-43b2-bc54-8effc4aee9ca'::uuid, NOW() - INTERVAL '8 days', 1, 'Customer requested cancellation', NOW() - INTERVAL '8 days', '28fcd9fb-4ce7-44d6-9583-14d8b3dc5aff'::uuid, NOW() + INTERVAL '28 days', NOW() - INTERVAL '13 days', '01226N0640J7T', NULL, 'Boston', NULL, 'Financial District', '1717', 'MA', 'State Street', '02109', '789123450', 'thomas.lewis@example.com', 'Thomas Lewis', '15551717', 'CANCELED', 2000.00, '1e0165e3-84e1-4d56-bb74-e10e57034019'::uuid);